exam_year,question_number,carranza14e_topic_chapter,chapter_title,official_exam_year_edition,original_source_chapter,original_exact_page_verified,requires_official_answer_review,method,status
"1398","130","21","Periodontitis","carranza-periodontology@12e","","false","true","topic_review_12e_to_14e","14e_TOC_TOPIC_ONLY_UNVERIFIED_FULL_BOOK"
"1398","131","39","Radiographic Aids in the Diagnosis of Periodontal Disease","carranza-periodontology@12e","","false","true","topic_review_12e_to_14e","14e_TOC_TOPIC_ONLY_UNVERIFIED_FULL_BOOK"
"1398","132","32","Periodontal Response to External Forces","carranza-periodontology@12e","","false","true","topic_review_12e_to_14e","14e_TOC_TOPIC_ONLY_UNVERIFIED_FULL_BOOK"
"1398","133","21","Periodontitis","carranza-periodontology@12e","","false","true","topic_review_12e_to_14e","14e_TOC_TOPIC_ONLY_UNVERIFIED_FULL_BOOK"
"1398","134","38","Periodontal Examination","carranza-periodontology@12e","15","true","false","topic_review_12e_to_14e","14e_TOC_TOPIC_ONLY_UNVERIFIED_FULL_BOOK"
"1398","135","19","Gingival Enlargement and Management","carranza-periodontology@12e","","false","true","topic_review_12e_to_14e","14e_TOC_TOPIC_ONLY_UNVERIFIED_FULL_BOOK"
"1398","136","22","The Periodontal Pocket Formation and Patterns of Bone Loss","carranza-periodontology@12e","","false","true","topic_review_12e_to_14e","14e_TOC_TOPIC_ONLY_UNVERIFIED_FULL_BOOK"
"1398","137","15","Dental Biofilm-Induced Gingivitis and Its Management","carranza-periodontology@12e","15","true","false","topic_review_12e_to_14e","14e_TOC_TOPIC_ONLY_UNVERIFIED_FULL_BOOK"
"1398","138","4","Anatomy, Structure, and Function of the Periodontium","carranza-periodontology@12e","","false","true","topic_review_12e_to_14e","14e_TOC_TOPIC_ONLY_UNVERIFIED_FULL_BOOK"
"1398","139","4","Anatomy, Structure, and Function of the Periodontium","carranza-periodontology@12e","","false","true","topic_review_12e_to_14e","14e_TOC_TOPIC_ONLY_UNVERIFIED_FULL_BOOK"
"1398","140","24","The Role of Dental Calculus and Other Local Predisposing Factors","carranza-periodontology@12e","","false","true","topic_review_12e_to_14e","14e_TOC_TOPIC_ONLY_UNVERIFIED_FULL_BOOK"
"1398","141","19","Gingival Enlargement and Management","carranza-periodontology@12e","15","true","false","topic_review_12e_to_14e","14e_TOC_TOPIC_ONLY_UNVERIFIED_FULL_BOOK"
"1398","142","17","Acute Gingival Infections and Management","carranza-periodontology@12e","","false","true","topic_review_12e_to_14e","14e_TOC_TOPIC_ONLY_UNVERIFIED_FULL_BOOK"
"1398","143","69","Diagnosis and Management of Periodontal Abscesses","carranza-periodontology@12e","","false","true","topic_review_12e_to_14e","14e_TOC_TOPIC_ONLY_UNVERIFIED_FULL_BOOK"
"1398","144","50","Plaque Biofilm Control for the Periodontal Patient","carranza-periodontology@12e","45","true","false","topic_review_12e_to_14e","14e_TOC_TOPIC_ONLY_UNVERIFIED_FULL_BOOK"
"1398","145","50","Plaque Biofilm Control for the Periodontal Patient","carranza-periodontology@12e","","false","true","topic_review_12e_to_14e","14e_TOC_TOPIC_ONLY_UNVERIFIED_FULL_BOOK"
"1398","146","69","Diagnosis and Management of Periodontal Abscesses","carranza-periodontology@12e","","false","true","topic_review_12e_to_14e","14e_TOC_TOPIC_ONLY_UNVERIFIED_FULL_BOOK"
"1398","147","43","Nonsurgical Phase of Periodontal Therapy","carranza-periodontology@12e","","false","true","topic_review_12e_to_14e","14e_TOC_TOPIC_ONLY_UNVERIFIED_FULL_BOOK"
"1398","148","9","Precision Dentistry: Genetics and Epigenetics of Periodontitis","carranza-periodontology@12e","","false","true","topic_review_12e_to_14e","14e_TOC_TOPIC_ONLY_UNVERIFIED_FULL_BOOK"
"1398","149","41","Determination of Prognosis","carranza-periodontology@12e","","false","true","topic_review_12e_to_14e","14e_TOC_TOPIC_ONLY_UNVERIFIED_FULL_BOOK"
"1399","111","62","Pocket Reduction Therapy—Resective Approach","carranza-periodontology@13e","62","false","false","topic_crosswalk_13e_to_14e","14e_TOC_TOPIC_ONLY_UNVERIFIED_FULL_BOOK"
"1399","112","61","Periodontal Surgical Therapy","carranza-periodontology@13e","64","false","false","topic_crosswalk_13e_to_14e","14e_TOC_TOPIC_ONLY_UNVERIFIED_FULL_BOOK"
"1399","113","69","Diagnosis and Management of Periodontal Abscesses","carranza-periodontology@13e","45","true","false","topic_crosswalk_13e_to_14e","14e_TOC_TOPIC_ONLY_UNVERIFIED_FULL_BOOK"
"1399","114","52","Sonic and Ultrasonic Instrumentation and Irrigation","carranza-periodontology@13e","51","true","false","topic_crosswalk_13e_to_14e","14e_TOC_TOPIC_ONLY_UNVERIFIED_FULL_BOOK"
"1399","115","23","Risk Factors of Periodontal Disease (Smoking)","carranza-periodontology@13e","12","true","false","topic_crosswalk_13e_to_14e","14e_TOC_TOPIC_ONLY_UNVERIFIED_FULL_BOOK"
"1399","116","66","Preparation of the Periodontium for Restorative Dentistry","carranza-periodontology@13e","69","false","false","topic_crosswalk_13e_to_14e","14e_TOC_TOPIC_ONLY_UNVERIFIED_FULL_BOOK"
"1399","117","41","Determination of Prognosis","carranza-periodontology@13e","35","false","false","topic_crosswalk_13e_to_14e","14e_TOC_TOPIC_ONLY_UNVERIFIED_FULL_BOOK"
"1399","118","39","Radiographic Aids in the Diagnosis of Periodontal Disease","carranza-periodontology@13e","33","true","false","topic_crosswalk_13e_to_14e","14e_TOC_TOPIC_ONLY_UNVERIFIED_FULL_BOOK"
"1399","119","50","Plaque Biofilm Control for the Periodontal Patient","carranza-periodontology@13e","47","true","false","individual_stem_topic_override","14e_TOC_TOPIC_ONLY_UNVERIFIED_FULL_BOOK"
"1399","120","15","Dental Biofilm-Induced Gingivitis and Its Management","carranza-periodontology@13e","17","true","false","topic_crosswalk_13e_to_14e","14e_TOC_TOPIC_ONLY_UNVERIFIED_FULL_BOOK"
"1399","121","15","Dental Biofilm-Induced Gingivitis and Its Management","carranza-periodontology@13e","18","false","false","topic_crosswalk_13e_to_14e","14e_TOC_TOPIC_ONLY_UNVERIFIED_FULL_BOOK"
"1399","122","70","Supportive Periodontal Treatment","carranza-periodontology@13e","72","true","false","topic_crosswalk_13e_to_14e","14e_TOC_TOPIC_ONLY_UNVERIFIED_FULL_BOOK"
"1399","123","53","Chemotherapy: Use of Systemic Antibiotics","carranza-periodontology@13e","52","true","false","topic_crosswalk_13e_to_14e","14e_TOC_TOPIC_ONLY_UNVERIFIED_FULL_BOOK"
"1399","124","61","Periodontal Surgical Therapy","carranza-periodontology@13e","60","false","false","topic_crosswalk_13e_to_14e","14e_TOC_TOPIC_ONLY_UNVERIFIED_FULL_BOOK"
"1399","125","4","Anatomy, Structure, and Function of the Periodontium","carranza-periodontology@13e","3","true","false","topic_crosswalk_13e_to_14e","14e_TOC_TOPIC_ONLY_UNVERIFIED_FULL_BOOK"
"1399","126","17","Acute Gingival Infections and Management","carranza-periodontology@13e","20","true","false","topic_crosswalk_13e_to_14e","14e_TOC_TOPIC_ONLY_UNVERIFIED_FULL_BOOK"
"1399","127","5","Classification of Diseases and Conditions Affecting the Periodontium","carranza-periodontology@13e","5","false","false","topic_crosswalk_13e_to_14e","14e_TOC_TOPIC_ONLY_UNVERIFIED_FULL_BOOK"
"1399","128","45","Restorative Interrelationships","carranza-periodontology@13e","70","false","false","topic_crosswalk_13e_to_14e","14e_TOC_TOPIC_ONLY_UNVERIFIED_FULL_BOOK"
"1399","129","22","The Periodontal Pocket Formation and Patterns of Bone Loss","carranza-periodontology@13e","23","true","false","topic_crosswalk_13e_to_14e","14e_TOC_TOPIC_ONLY_UNVERIFIED_FULL_BOOK"
"1399","130","31","Halitosis (Breath Malodor)","carranza-periodontology@13e","49","false","false","topic_crosswalk_13e_to_14e","14e_TOC_TOPIC_ONLY_UNVERIFIED_FULL_BOOK"
"1400","111","4","Anatomy, Structure, and Function of the Periodontium","carranza-periodontology@13e","3","false","false","topic_crosswalk_13e_to_14e","14e_TOC_TOPIC_ONLY_UNVERIFIED_FULL_BOOK"
"1400","112","5","Classification of Diseases and Conditions Affecting the Periodontium","carranza-periodontology@13e","5","false","false","topic_crosswalk_13e_to_14e","14e_TOC_TOPIC_ONLY_UNVERIFIED_FULL_BOOK"
"1400","113","10","Biofilm and Periodontal Microbiology","carranza-periodontology@13e","8","false","false","topic_crosswalk_13e_to_14e","14e_TOC_TOPIC_ONLY_UNVERIFIED_FULL_BOOK"
"1400","114","26","Impact of Periodontal Infection on Systemic Health","carranza-periodontology@13e","15","false","false","topic_crosswalk_13e_to_14e","14e_TOC_TOPIC_ONLY_UNVERIFIED_FULL_BOOK"
"1400","115","14","Defense Mechanisms of the Gingiva","carranza-periodontology@13e","16","false","false","topic_crosswalk_13e_to_14e","14e_TOC_TOPIC_ONLY_UNVERIFIED_FULL_BOOK"
"1400","116","19","Gingival Enlargement and Management","carranza-periodontology@13e","45","false","false","individual_stem_topic_override","14e_TOC_TOPIC_ONLY_UNVERIFIED_FULL_BOOK"
"1400","117","32","Periodontal Response to External Forces","carranza-periodontology@13e","25","false","false","topic_crosswalk_13e_to_14e","14e_TOC_TOPIC_ONLY_UNVERIFIED_FULL_BOOK"
"1400","118","22","The Periodontal Pocket Formation and Patterns of Bone Loss","carranza-periodontology@13e","23","false","false","topic_crosswalk_13e_to_14e","14e_TOC_TOPIC_ONLY_UNVERIFIED_FULL_BOOK"
"1400","119","22","The Periodontal Pocket Formation and Patterns of Bone Loss","carranza-periodontology@13e","25","false","false","individual_stem_topic_override","14e_TOC_TOPIC_ONLY_UNVERIFIED_FULL_BOOK"
"1400","120","39","Radiographic Aids in the Diagnosis of Periodontal Disease","carranza-periodontology@13e","33","false","false","topic_crosswalk_13e_to_14e","14e_TOC_TOPIC_ONLY_UNVERIFIED_FULL_BOOK"
"1400","121","24","The Role of Dental Calculus and Other Local Predisposing Factors","carranza-periodontology@13e","35","false","false","individual_stem_topic_override","14e_TOC_TOPIC_ONLY_UNVERIFIED_FULL_BOOK"
"1400","122","17","Acute Gingival Infections and Management","carranza-periodontology@13e","20","false","false","topic_crosswalk_13e_to_14e","14e_TOC_TOPIC_ONLY_UNVERIFIED_FULL_BOOK"
"1400","123","49","Endo-Perio Lesions","carranza-periodontology@13e","46","false","false","topic_crosswalk_13e_to_14e","14e_TOC_TOPIC_ONLY_UNVERIFIED_FULL_BOOK"
"1400","124","51","Scaling and Root Instrumentation (Root Planing)","carranza-periodontology@13e","50","false","false","topic_crosswalk_13e_to_14e","14e_TOC_TOPIC_ONLY_UNVERIFIED_FULL_BOOK"
"1400","125","53","Chemotherapy: Use of Systemic Antibiotics","carranza-periodontology@13e","52","false","false","topic_crosswalk_13e_to_14e","14e_TOC_TOPIC_ONLY_UNVERIFIED_FULL_BOOK"
"1400","126","61","Periodontal Surgical Therapy","carranza-periodontology@13e","60","false","false","topic_crosswalk_13e_to_14e","14e_TOC_TOPIC_ONLY_UNVERIFIED_FULL_BOOK"
"1400","127","62","Pocket Reduction Therapy—Resective Approach","carranza-periodontology@13e","62","false","false","topic_crosswalk_13e_to_14e","14e_TOC_TOPIC_ONLY_UNVERIFIED_FULL_BOOK"
"1400","128","61","Periodontal Surgical Therapy","carranza-periodontology@13e","64","false","false","topic_crosswalk_13e_to_14e","14e_TOC_TOPIC_ONLY_UNVERIFIED_FULL_BOOK"
"1400","129","35","Role of Occlusion and TMD in Periodontal Disease Management","carranza-periodontology@13e","70","false","false","individual_stem_topic_override","14e_TOC_TOPIC_ONLY_UNVERIFIED_FULL_BOOK"
"1400","130","40","Periodontal Risk Assessment","carranza-periodontology@13e","34","false","false","topic_crosswalk_13e_to_14e","14e_TOC_TOPIC_ONLY_UNVERIFIED_FULL_BOOK"
"1401","111","4","Anatomy, Structure, and Function of the Periodontium","carranza-periodontology@13e","3","false","false","topic_crosswalk_13e_to_14e","14e_TOC_TOPIC_ONLY_UNVERIFIED_FULL_BOOK"
"1401","112","5","Classification of Diseases and Conditions Affecting the Periodontium","carranza-periodontology@13e","5","false","false","topic_crosswalk_13e_to_14e","14e_TOC_TOPIC_ONLY_UNVERIFIED_FULL_BOOK"
"1401","113","5","Classification of Diseases and Conditions Affecting the Periodontium","carranza-periodontology@13e","5","false","false","topic_crosswalk_13e_to_14e","14e_TOC_TOPIC_ONLY_UNVERIFIED_FULL_BOOK"
"1401","114","14","Defense Mechanisms of the Gingiva","carranza-periodontology@13e","16","false","false","topic_crosswalk_13e_to_14e","14e_TOC_TOPIC_ONLY_UNVERIFIED_FULL_BOOK"
"1401","115","26","Impact of Periodontal Infection on Systemic Health","carranza-periodontology@13e","15","false","false","topic_crosswalk_13e_to_14e","14e_TOC_TOPIC_ONLY_UNVERIFIED_FULL_BOOK"
"1401","116","22","The Periodontal Pocket Formation and Patterns of Bone Loss","carranza-periodontology@13e","24","false","false","topic_crosswalk_13e_to_14e","14e_TOC_TOPIC_ONLY_UNVERIFIED_FULL_BOOK"
"1401","117","19","Gingival Enlargement and Management","carranza-periodontology@13e","19","false","false","topic_crosswalk_13e_to_14e","14e_TOC_TOPIC_ONLY_UNVERIFIED_FULL_BOOK"
"1401","118","39","Radiographic Aids in the Diagnosis of Periodontal Disease","carranza-periodontology@13e","33","false","false","topic_crosswalk_13e_to_14e","14e_TOC_TOPIC_ONLY_UNVERIFIED_FULL_BOOK"
"1401","119","38","Periodontal Examination","carranza-periodontology@13e","32","false","false","topic_crosswalk_13e_to_14e","14e_TOC_TOPIC_ONLY_UNVERIFIED_FULL_BOOK"
"1401","120","38","Periodontal Examination","carranza-periodontology@13e","32","false","false","topic_crosswalk_13e_to_14e","14e_TOC_TOPIC_ONLY_UNVERIFIED_FULL_BOOK"
"1401","121","50","Plaque Biofilm Control for the Periodontal Patient","carranza-periodontology@13e","48","false","false","topic_crosswalk_13e_to_14e","14e_TOC_TOPIC_ONLY_UNVERIFIED_FULL_BOOK"
"1401","122","53","Chemotherapy: Use of Systemic Antibiotics","carranza-periodontology@13e","52","false","false","topic_crosswalk_13e_to_14e","14e_TOC_TOPIC_ONLY_UNVERIFIED_FULL_BOOK"
"1401","123","31","Halitosis (Breath Malodor)","carranza-periodontology@13e","49","false","false","topic_crosswalk_13e_to_14e","14e_TOC_TOPIC_ONLY_UNVERIFIED_FULL_BOOK"
"1401","124","52","Sonic and Ultrasonic Instrumentation and Irrigation","carranza-periodontology@13e","51","false","false","topic_crosswalk_13e_to_14e","14e_TOC_TOPIC_ONLY_UNVERIFIED_FULL_BOOK"
"1401","125","61","Periodontal Surgical Therapy","carranza-periodontology@13e","60","false","false","topic_crosswalk_13e_to_14e","14e_TOC_TOPIC_ONLY_UNVERIFIED_FULL_BOOK"
"1401","126","41","Determination of Prognosis","carranza-periodontology@13e","35","false","false","topic_crosswalk_13e_to_14e","14e_TOC_TOPIC_ONLY_UNVERIFIED_FULL_BOOK"
"1401","127","61","Periodontal Surgical Therapy","carranza-periodontology@13e","60","false","false","topic_crosswalk_13e_to_14e","14e_TOC_TOPIC_ONLY_UNVERIFIED_FULL_BOOK"
"1401","128","4","Anatomy, Structure, and Function of the Periodontium","carranza-periodontology@13e","35","false","false","individual_stem_topic_override","14e_TOC_TOPIC_ONLY_UNVERIFIED_FULL_BOOK"
"1401","129","45","Restorative Interrelationships","carranza-periodontology@13e","70","false","false","topic_crosswalk_13e_to_14e","14e_TOC_TOPIC_ONLY_UNVERIFIED_FULL_BOOK"
"1401","130","70","Supportive Periodontal Treatment","carranza-periodontology@13e","72","false","false","topic_crosswalk_13e_to_14e","14e_TOC_TOPIC_ONLY_UNVERIFIED_FULL_BOOK"
"1402","131","4","Anatomy, Structure, and Function of the Periodontium","carranza-periodontology@13e","3","false","false","topic_crosswalk_13e_to_14e","14e_TOC_TOPIC_ONLY_UNVERIFIED_FULL_BOOK"
"1402","132","19","Gingival Enlargement and Management","carranza-periodontology@13e","19","false","false","topic_crosswalk_13e_to_14e","14e_TOC_TOPIC_ONLY_UNVERIFIED_FULL_BOOK"
"1402","133","14","Defense Mechanisms of the Gingiva","carranza-periodontology@13e","16","false","false","topic_crosswalk_13e_to_14e","14e_TOC_TOPIC_ONLY_UNVERIFIED_FULL_BOOK"
"1402","134","10","Biofilm and Periodontal Microbiology","carranza-periodontology@13e","8","false","false","topic_crosswalk_13e_to_14e","14e_TOC_TOPIC_ONLY_UNVERIFIED_FULL_BOOK"
"1402","135","15","Dental Biofilm-Induced Gingivitis and Its Management","carranza-periodontology@13e","18","false","false","topic_crosswalk_13e_to_14e","14e_TOC_TOPIC_ONLY_UNVERIFIED_FULL_BOOK"
"1402","136","19","Gingival Enlargement and Management","carranza-periodontology@13e","19","false","false","topic_crosswalk_13e_to_14e","14e_TOC_TOPIC_ONLY_UNVERIFIED_FULL_BOOK"
"1402","137","4","Anatomy, Structure, and Function of the Periodontium","carranza-periodontology@13e","3","false","false","topic_crosswalk_13e_to_14e","14e_TOC_TOPIC_ONLY_UNVERIFIED_FULL_BOOK"
"1402","138","25","Influence of Systemic Conditions on the Periodontium","carranza-periodontology@13e","14","false","false","topic_crosswalk_13e_to_14e","14e_TOC_TOPIC_ONLY_UNVERIFIED_FULL_BOOK"
"1402","139","9","Precision Dentistry: Genetics and Epigenetics of Periodontitis","carranza-periodontology@13e","11","false","false","topic_crosswalk_13e_to_14e","14e_TOC_TOPIC_ONLY_UNVERIFIED_FULL_BOOK"
"1402","140","43","Nonsurgical Phase of Periodontal Therapy","carranza-periodontology@13e","47","false","false","topic_crosswalk_13e_to_14e","14e_TOC_TOPIC_ONLY_UNVERIFIED_FULL_BOOK"
"1402","141","17","Acute Gingival Infections and Management","carranza-periodontology@13e","20","false","false","topic_crosswalk_13e_to_14e","14e_TOC_TOPIC_ONLY_UNVERIFIED_FULL_BOOK"
"1402","142","41","Determination of Prognosis","carranza-periodontology@13e","35","false","false","topic_crosswalk_13e_to_14e","14e_TOC_TOPIC_ONLY_UNVERIFIED_FULL_BOOK"
"1402","143","50","Plaque Biofilm Control for the Periodontal Patient","carranza-periodontology@13e","48","false","false","topic_crosswalk_13e_to_14e","14e_TOC_TOPIC_ONLY_UNVERIFIED_FULL_BOOK"
"1402","144","52","Sonic and Ultrasonic Instrumentation and Irrigation","carranza-periodontology@13e","51","false","false","topic_crosswalk_13e_to_14e","14e_TOC_TOPIC_ONLY_UNVERIFIED_FULL_BOOK"
"1402","145","53","Chemotherapy: Use of Systemic Antibiotics","carranza-periodontology@13e","52","false","false","topic_crosswalk_13e_to_14e","14e_TOC_TOPIC_ONLY_UNVERIFIED_FULL_BOOK"
"1402","146","51","Scaling and Root Instrumentation (Root Planing)","carranza-periodontology@13e","50","false","false","topic_crosswalk_13e_to_14e","14e_TOC_TOPIC_ONLY_UNVERIFIED_FULL_BOOK"
"1402","147","61","Periodontal Surgical Therapy","carranza-periodontology@13e","60","false","false","topic_crosswalk_13e_to_14e","14e_TOC_TOPIC_ONLY_UNVERIFIED_FULL_BOOK"
"1402","148","65","Periodontal Plastic and Esthetic Surgery","carranza-periodontology@13e","65","false","false","topic_crosswalk_13e_to_14e","14e_TOC_TOPIC_ONLY_UNVERIFIED_FULL_BOOK"
"1402","149","39","Radiographic Aids in the Diagnosis of Periodontal Disease","carranza-periodontology@13e","33","false","false","topic_crosswalk_13e_to_14e","14e_TOC_TOPIC_ONLY_UNVERIFIED_FULL_BOOK"
"1402","150","61","Periodontal Surgical Therapy","carranza-periodontology@13e","35","false","false","individual_stem_topic_override","14e_TOC_TOPIC_ONLY_UNVERIFIED_FULL_BOOK"
"1403","111","61","Periodontal Surgical Therapy","carranza-periodontology@13e","60","false","false","topic_crosswalk_13e_to_14e","14e_TOC_TOPIC_ONLY_UNVERIFIED_FULL_BOOK"
"1403","112","62","Pocket Reduction Therapy—Resective Approach","carranza-periodontology@13e","62","false","false","topic_crosswalk_13e_to_14e","14e_TOC_TOPIC_ONLY_UNVERIFIED_FULL_BOOK"
"1403","113","66","Preparation of the Periodontium for Restorative Dentistry","carranza-periodontology@13e","69","false","false","topic_crosswalk_13e_to_14e","14e_TOC_TOPIC_ONLY_UNVERIFIED_FULL_BOOK"
"1403","114","70","Supportive Periodontal Treatment","carranza-periodontology@13e","72","false","false","topic_crosswalk_13e_to_14e","14e_TOC_TOPIC_ONLY_UNVERIFIED_FULL_BOOK"
"1403","115","21","Periodontitis","carranza-periodontology@13e","87","false","false","topic_crosswalk_13e_to_14e","14e_TOC_TOPIC_ONLY_UNVERIFIED_FULL_BOOK"
"1403","116","38","Periodontal Examination","carranza-periodontology@13e","32","false","false","topic_crosswalk_13e_to_14e","14e_TOC_TOPIC_ONLY_UNVERIFIED_FULL_BOOK"
"1403","117","69","Diagnosis and Management of Periodontal Abscesses","carranza-periodontology@13e","45","false","false","topic_crosswalk_13e_to_14e","14e_TOC_TOPIC_ONLY_UNVERIFIED_FULL_BOOK"
"1403","118","4","Anatomy, Structure, and Function of the Periodontium","carranza-periodontology@13e","3","false","false","topic_crosswalk_13e_to_14e","14e_TOC_TOPIC_ONLY_UNVERIFIED_FULL_BOOK"
"1403","119","67","Periodontal Treatment of Medically Complex Patients","carranza-periodontology@13e","13","false","false","individual_stem_topic_override","14e_TOC_TOPIC_ONLY_UNVERIFIED_FULL_BOOK"
"1403","120","15","Dental Biofilm-Induced Gingivitis and Its Management","carranza-periodontology@13e","17","false","false","topic_crosswalk_13e_to_14e","14e_TOC_TOPIC_ONLY_UNVERIFIED_FULL_BOOK"
"1403","121","23","Risk Factors of Periodontal Disease (Smoking)","carranza-periodontology@13e","12","false","false","topic_crosswalk_13e_to_14e","14e_TOC_TOPIC_ONLY_UNVERIFIED_FULL_BOOK"
"1403","122","10","Biofilm and Periodontal Microbiology","carranza-periodontology@13e","15","false","false","individual_stem_topic_override","14e_TOC_TOPIC_ONLY_UNVERIFIED_FULL_BOOK"
"1403","123","51","Scaling and Root Instrumentation (Root Planing)","carranza-periodontology@13e","50","false","false","topic_crosswalk_13e_to_14e","14e_TOC_TOPIC_ONLY_UNVERIFIED_FULL_BOOK"
"1403","124","53","Chemotherapy: Use of Systemic Antibiotics","carranza-periodontology@13e","52","false","false","topic_crosswalk_13e_to_14e","14e_TOC_TOPIC_ONLY_UNVERIFIED_FULL_BOOK"
"1403","125","61","Periodontal Surgical Therapy","carranza-periodontology@13e","59","false","false","individual_stem_topic_override","14e_TOC_TOPIC_ONLY_UNVERIFIED_FULL_BOOK"
"1403","126","70","Supportive Periodontal Treatment","carranza-periodontology@13e","72","false","false","topic_crosswalk_13e_to_14e","14e_TOC_TOPIC_ONLY_UNVERIFIED_FULL_BOOK"
"1403","127","52","Sonic and Ultrasonic Instrumentation and Irrigation","carranza-periodontology@13e","51","false","false","topic_crosswalk_13e_to_14e","14e_TOC_TOPIC_ONLY_UNVERIFIED_FULL_BOOK"
"1403","128","51","Scaling and Root Instrumentation (Root Planing)","carranza-periodontology@13e","50","false","false","topic_crosswalk_13e_to_14e","14e_TOC_TOPIC_ONLY_UNVERIFIED_FULL_BOOK"
"1403","129","15","Dental Biofilm-Induced Gingivitis and Its Management","carranza-periodontology@13e","18","false","false","topic_crosswalk_13e_to_14e","14e_TOC_TOPIC_ONLY_UNVERIFIED_FULL_BOOK"
"1403","130","45","Restorative Interrelationships","carranza-periodontology@13e","70","false","false","topic_crosswalk_13e_to_14e","14e_TOC_TOPIC_ONLY_UNVERIFIED_FULL_BOOK"
"1404","111","4","Anatomy, Structure, and Function of the Periodontium","carranza-periodontology@14e","4","false","false","historical_14e_topic_provisional","14e_TOC_TOPIC_ONLY_UNVERIFIED_FULL_BOOK"
"1404","112","5","Classification of Diseases and Conditions Affecting the Periodontium","carranza-periodontology@14e","5","false","false","historical_14e_topic_provisional","14e_TOC_TOPIC_ONLY_UNVERIFIED_FULL_BOOK"
"1404","113","22","The Periodontal Pocket Formation and Patterns of Bone Loss","carranza-periodontology@14e","22","false","false","historical_14e_topic_provisional","14e_TOC_TOPIC_ONLY_UNVERIFIED_FULL_BOOK"
"1404","114","15","Dental Biofilm-Induced Gingivitis and Its Management","carranza-periodontology@14e","24","false","false","individual_stem_topic_override","14e_TOC_TOPIC_ONLY_UNVERIFIED_FULL_BOOK"
"1404","115","28","Periodontal Therapy in the Female Patient","carranza-periodontology@14e","28","false","false","historical_14e_topic_provisional","14e_TOC_TOPIC_ONLY_UNVERIFIED_FULL_BOOK"
"1404","116","32","Periodontal Response to External Forces","carranza-periodontology@14e","32","false","false","historical_14e_topic_provisional","14e_TOC_TOPIC_ONLY_UNVERIFIED_FULL_BOOK"
"1404","117","8","Periodontal Disease Pathogenesis","carranza-periodontology@14e","8","false","false","historical_14e_topic_provisional","14e_TOC_TOPIC_ONLY_UNVERIFIED_FULL_BOOK"
"1404","118","40","Periodontal Risk Assessment","carranza-periodontology@14e","40","false","false","historical_14e_topic_provisional","14e_TOC_TOPIC_ONLY_UNVERIFIED_FULL_BOOK"
"1404","119","19","Gingival Enlargement and Management","carranza-periodontology@14e","19","false","false","historical_14e_topic_provisional","14e_TOC_TOPIC_ONLY_UNVERIFIED_FULL_BOOK"
"1404","120","49","Endo-Perio Lesions","carranza-periodontology@14e","49","false","false","historical_14e_topic_provisional","14e_TOC_TOPIC_ONLY_UNVERIFIED_FULL_BOOK"
"1404","121","50","Plaque Biofilm Control for the Periodontal Patient","carranza-periodontology@14e","50","false","false","historical_14e_topic_provisional","14e_TOC_TOPIC_ONLY_UNVERIFIED_FULL_BOOK"
"1404","122","51","Scaling and Root Instrumentation (Root Planing)","carranza-periodontology@14e","51","false","false","historical_14e_topic_provisional","14e_TOC_TOPIC_ONLY_UNVERIFIED_FULL_BOOK"
"1404","123","53","Chemotherapy: Use of Systemic Antibiotics","carranza-periodontology@14e","53","false","false","historical_14e_topic_provisional","14e_TOC_TOPIC_ONLY_UNVERIFIED_FULL_BOOK"
"1404","124","56","Surgical Phase of Periodontal Therapy","carranza-periodontology@14e","56","false","false","historical_14e_topic_provisional","14e_TOC_TOPIC_ONLY_UNVERIFIED_FULL_BOOK"
"1404","125","61","Periodontal Surgical Therapy","carranza-periodontology@14e","61","false","false","historical_14e_topic_provisional","14e_TOC_TOPIC_ONLY_UNVERIFIED_FULL_BOOK"
"1404","126","62","Pocket Reduction Therapy—Resective Approach","carranza-periodontology@14e","62","false","false","historical_14e_topic_provisional","14e_TOC_TOPIC_ONLY_UNVERIFIED_FULL_BOOK"
"1404","127","64","Lasers in Periodontal and Peri-Implant Therapy","carranza-periodontology@14e","64","false","false","historical_14e_topic_provisional","14e_TOC_TOPIC_ONLY_UNVERIFIED_FULL_BOOK"
"1404","128","32","Periodontal Response to External Forces","carranza-periodontology@14e","32","false","false","historical_14e_topic_provisional","14e_TOC_TOPIC_ONLY_UNVERIFIED_FULL_BOOK"
"1404","129","73","Peri-Implant Anatomy, Biology, and Function","carranza-periodontology@14e","73","false","false","historical_14e_topic_provisional","14e_TOC_TOPIC_ONLY_UNVERIFIED_FULL_BOOK"
"1404","130","87","Supportive Implant Treatment","carranza-periodontology@14e","87","false","false","historical_14e_topic_provisional","14e_TOC_TOPIC_ONLY_UNVERIFIED_FULL_BOOK"
"1405","111","4","Anatomy, Structure, and Function of the Periodontium","carranza-periodontology@14e","4","false","false","historical_14e_topic_provisional","14e_TOC_TOPIC_ONLY_UNVERIFIED_FULL_BOOK"
"1405","112","5","Classification of Diseases and Conditions Affecting the Periodontium","carranza-periodontology@14e","5","false","false","historical_14e_topic_provisional","14e_TOC_TOPIC_ONLY_UNVERIFIED_FULL_BOOK"
"1405","113","11","Host-Microbe Interactions and the Inflammatory Response","carranza-periodontology@14e","8","false","false","individual_stem_topic_override","14e_TOC_TOPIC_ONLY_UNVERIFIED_FULL_BOOK"
"1405","114","10","Biofilm and Periodontal Microbiology","carranza-periodontology@14e","10","false","false","historical_14e_topic_provisional","14e_TOC_TOPIC_ONLY_UNVERIFIED_FULL_BOOK"
"1405","115","59","Periodontal and Peri-Implant Surgical Anatomy","carranza-periodontology@14e","59","false","false","historical_14e_topic_provisional","14e_TOC_TOPIC_ONLY_UNVERIFIED_FULL_BOOK"
"1405","116","5","Classification of Diseases and Conditions Affecting the Periodontium","carranza-periodontology@14e","5","false","false","historical_14e_topic_provisional","14e_TOC_TOPIC_ONLY_UNVERIFIED_FULL_BOOK"
"1405","117","14","Defense Mechanisms of the Gingiva","carranza-periodontology@14e","8","false","false","individual_stem_topic_override","14e_TOC_TOPIC_ONLY_UNVERIFIED_FULL_BOOK"
"1405","118","28","Periodontal Therapy in the Female Patient","carranza-periodontology@14e","25","false","false","individual_stem_topic_override","14e_TOC_TOPIC_ONLY_UNVERIFIED_FULL_BOOK"
"1405","119","28","Periodontal Therapy in the Female Patient","carranza-periodontology@14e","25","false","false","individual_stem_topic_override","14e_TOC_TOPIC_ONLY_UNVERIFIED_FULL_BOOK"
"1405","120","32","Periodontal Response to External Forces","carranza-periodontology@14e","32","false","false","historical_14e_topic_provisional","14e_TOC_TOPIC_ONLY_UNVERIFIED_FULL_BOOK"
"1405","121","24","The Role of Dental Calculus and Other Local Predisposing Factors","carranza-periodontology@14e","41","false","false","individual_stem_topic_override","14e_TOC_TOPIC_ONLY_UNVERIFIED_FULL_BOOK"
"1405","122","16","Select Systemic and Local Diseases That Affect the Gingiva","carranza-periodontology@14e","16","false","false","historical_14e_topic_provisional","14e_TOC_TOPIC_ONLY_UNVERIFIED_FULL_BOOK"
"1405","123","62","Pocket Reduction Therapy—Resective Approach","carranza-periodontology@14e","62","false","false","historical_14e_topic_provisional","14e_TOC_TOPIC_ONLY_UNVERIFIED_FULL_BOOK"
"1405","124","41","Determination of Prognosis","carranza-periodontology@14e","41","false","false","historical_14e_topic_provisional","14e_TOC_TOPIC_ONLY_UNVERIFIED_FULL_BOOK"
"1405","125","43","Nonsurgical Phase of Periodontal Therapy","carranza-periodontology@14e","43","false","false","historical_14e_topic_provisional","14e_TOC_TOPIC_ONLY_UNVERIFIED_FULL_BOOK"
"1405","126","43","Nonsurgical Phase of Periodontal Therapy","carranza-periodontology@14e","45","false","false","individual_stem_topic_override","14e_TOC_TOPIC_ONLY_UNVERIFIED_FULL_BOOK"
"1405","127","25","Influence of Systemic Conditions on the Periodontium","carranza-periodontology@14e","25","false","false","historical_14e_topic_provisional","14e_TOC_TOPIC_ONLY_UNVERIFIED_FULL_BOOK"
"1405","128","65","Periodontal Plastic and Esthetic Surgery","carranza-periodontology@14e","65","false","false","historical_14e_topic_provisional","14e_TOC_TOPIC_ONLY_UNVERIFIED_FULL_BOOK"
"1405","129","79","Advanced Implant Surgical Procedures: Horizontal and Vertical Augmentation","carranza-periodontology@14e","79","false","false","historical_14e_topic_provisional","14e_TOC_TOPIC_ONLY_UNVERIFIED_FULL_BOOK"
"1405","130","87","Supportive Implant Treatment","carranza-periodontology@14e","87","false","false","historical_14e_topic_provisional","14e_TOC_TOPIC_ONLY_UNVERIFIED_FULL_BOOK"
